{
	"credit": "Made with Blockbench",
	"texture_size": [128, 128],
	"textures": {
		"0": "entity/iceologer",
		"particle": "entity/iceologer"
	},
	"elements": [
		{
			"name": "rightarm",
			"from": [0, 9, 6],
			"to": [4, 21, 10],
			"shade": false,
			"rotation": {"angle": 0, "axis": "y", "origin": [4, 19, 8]},
			"faces": {
				"north": {"uv": [5.5, 6.25, 6, 7.75], "texture": "#0"},
				"east": {"uv": [5, 6.25, 5.5, 7.75], "texture": "#0"},
				"south": {"uv": [6.5, 6.25, 7, 7.75], "texture": "#0"},
				"west": {"uv": [6, 6.25, 6.5, 7.75], "texture": "#0"},
				"up": {"uv": [5.5, 5.75, 6, 6.25], "texture": "#0"},
				"down": {"uv": [6, 5.75, 6.5, 6.25], "texture": "#0"}
			}
		}
	],
	"display": {
		"thirdperson_righthand": {
			"rotation": [90, 0, 0],
			"translation": [5.25, -2, -1.9],
			"scale": [0.94, 0.94, 0.94]
		},
		"thirdperson_lefthand": {
			"rotation": [90, 0, 0],
			"translation": [-6, -2, -1.9],
			"scale": [0.94, 0.94, 0.94]
		}
	}
}