{
	"credit": "Made with Blockbench",
	"texture_size": [128, 128],
	"textures": {
		"0": "entity/iceologer",
		"particle": "entity/iceologer"
	},
	"elements": [
		{
			"name": "head",
			"from": [4, 21, 4],
			"to": [12, 31, 12],
			"shade": false,
			"rotation": {"angle": 0, "axis": "y", "origin": [8, 21, 8]},
			"faces": {
				"north": {"uv": [1, 1, 2, 2.25], "texture": "#0"},
				"east": {"uv": [0, 1, 1, 2.25], "texture": "#0"},
				"south": {"uv": [3, 1, 4, 2.25], "texture": "#0"},
				"west": {"uv": [2, 1, 3, 2.25], "texture": "#0"},
				"up": {"uv": [1, 0, 2, 1], "texture": "#0"},
				"down": {"uv": [2, 0, 3, 1], "texture": "#0"}
			}
		},
		{
			"name": "kapuchon",
			"from": [3.5, 20.75, 3.5],
			"to": [12.5, 31.25, 12.5],
			"shade": false,
			"rotation": {"angle": 0, "axis": "y", "origin": [7.5, 21, 7.5]},
			"faces": {
				"north": {"uv": [9.875, 5.25, 11, 6.625], "texture": "#0"},
				"east": {"uv": [8.75, 5.25, 9.875, 6.625], "texture": "#0"},
				"south": {"uv": [12.125, 5.25, 13.25, 6.625], "texture": "#0"},
				"west": {"uv": [11, 5.25, 12.125, 6.625], "texture": "#0"},
				"up": {"uv": [9.875, 4.125, 11, 5.25], "texture": "#0"},
				"down": {"uv": [11, 4.125, 12.125, 5.25], "rotation": 180, "texture": "#0"}
			}
		},
		{
			"name": "nose",
			"from": [7, 20, 2],
			"to": [9, 24, 4],
			"shade": false,
			"rotation": {"angle": 0, "axis": "y", "origin": [8, 24, 4]},
			"faces": {
				"north": {"uv": [3.25, 0.25, 3.5, 0.75], "texture": "#0"},
				"east": {"uv": [3, 0.25, 3.25, 0.75], "texture": "#0"},
				"south": {"uv": [3.75, 0.25, 4, 0.75], "texture": "#0"},
				"west": {"uv": [3.5, 0.25, 3.75, 0.75], "texture": "#0"},
				"up": {"uv": [3.25, 0, 3.5, 0.25], "texture": "#0"},
				"down": {"uv": [3.5, 0, 3.75, 0.25], "texture": "#0"}
			}
		},
		{
			"name": "body",
			"from": [4, 9, 5],
			"to": [12, 21, 11],
			"shade": false,
			"rotation": {"angle": 0, "axis": "y", "origin": [8, 21, 8]},
			"faces": {
				"north": {"uv": [2.75, 3.25, 3.75, 4.75], "texture": "#0"},
				"east": {"uv": [2, 3.25, 3, 4.75], "texture": "#0"},
				"south": {"uv": [4.5, 3.25, 5.5, 4.75], "texture": "#0"},
				"west": {"uv": [3.75, 3.25, 4.5, 4.75], "texture": "#0"},
				"up": {"uv": [2.75, 2.5, 3.75, 3.25], "texture": "#0"},
				"down": {"uv": [3.75, 2.5, 4.75, 3.25], "texture": "#0"}
			}
		},
		{
			"name": "coat",
			"from": [3.5, 2.5, 4.5],
			"to": [12.5, 21.5, 11.5],
			"shade": false,
			"rotation": {"angle": 0, "axis": "y", "origin": [8, 21, 8]},
			"faces": {
				"north": {"uv": [0.75, 5.5, 1.75, 7.75], "texture": "#0"},
				"east": {"uv": [0, 5.5, 0.75, 7.75], "texture": "#0"},
				"south": {"uv": [2.5, 5.5, 3.5, 7.75], "texture": "#0"},
				"west": {"uv": [1.75, 5.5, 2.5, 7.75], "texture": "#0"},
				"up": {"uv": [0.75, 4.75, 1.75, 5.5], "texture": "#0"},
				"down": {"uv": [1.75, 4.75, 2.75, 5.5], "texture": "#0"}
			}
		},
		{
			"name": "cape",
			"from": [3.5, 1, 11.5],
			"to": [12.5, 21, 12.5],
			"rotation": {"angle": -22.5, "axis": "x", "origin": [8, 21, 12]},
			"faces": {
				"north": {"uv": [12.5, 2.125, 13.625, 4.625], "texture": "#0"},
				"east": {"uv": [12.375, 2.125, 12.5, 4.625], "texture": "#0"},
				"south": {"uv": [13.75, 2.125, 14.875, 4.625], "texture": "#0"},
				"west": {"uv": [13.625, 2.125, 13.75, 4.625], "texture": "#0"},
				"up": {"uv": [12.5, 2, 13.625, 2.125], "texture": "#0"},
				"down": {"uv": [13.625, 2, 14.75, 2.125], "texture": "#0"}
			}
		}
	],
	"display": {
		"head": {
			"rotation": [0, 0, 0],
			"translation": [0, -27, 0],
			"scale": [1.5, 1.5, 1.5]
		}
	}
}