{
	"credit": "Made with Blockbench",
	"texture_size": [128, 128],
	"textures": {
		"0": "entity/iceologer",
		"particle": "entity/iceologer"
	},
	"elements": [
		{
			"name": "leg0",
			"from": [4, -3, 6],
			"to": [8, 9, 10],
			"shade": false,
			"rotation": {"angle": 0, "axis": "y", "origin": [6, 9, 8]},
			"faces": {
				"north": {"uv": [0.5, 3.25, 1, 4.75], "texture": "#0"},
				"east": {"uv": [0, 3.25, 0.5, 4.75], "texture": "#0"},
				"south": {"uv": [1.5, 3.25, 2, 4.75], "texture": "#0"},
				"west": {"uv": [1, 3.25, 1.5, 4.75], "texture": "#0"},
				"up": {"uv": [0.5, 2.75, 1, 3.25], "texture": "#0"},
				"down": {"uv": [1, 2.75, 1.5, 3.25], "texture": "#0"}
			}
		}
	],
	"display": {
		"thirdperson_righthand": {
			"rotation": [90, 0, 0],
			"translation": [-2.25, -2, 9.65],
			"scale": [0.94, 0.94, 0.94]
		},
		"thirdperson_lefthand": {
			"rotation": [90, 0, 0],
			"translation": [-6, -2, 9.65],
			"scale": [0.94, 0.94, 0.94]
		}
	}
}