{
  "parent": "minecraft:item/generated",
  "textures": {
    "layer0": "minecraft:item/structure_void"
  },
  "overrides": [
	{ "predicate": { "custom_model_data": 1 }, "model": "minecraft:item/iceologer/iceologer" },
	{ "predicate": { "custom_model_data": 2 }, "model": "minecraft:item/iceologer/body" },
	{ "predicate": { "custom_model_data": 3 }, "model": "minecraft:item/iceologer/arm" },
	{ "predicate": { "custom_model_data": 4 }, "model": "minecraft:item/iceologer/leg" },
	{ "predicate": { "custom_model_data": 5 }, "model": "minecraft:item/ice_cloud" }
  ]
}